{
  "train_losses": [
    3.5632537143121805,
    3.3957681147028786,
    3.220442965162172,
    2.752358932289288,
    1.9557512595499162,
    1.4849190248859871,
    1.2356086060297575,
    1.0521616356835948,
    0.9097733138848266,
    0.8084443764720889,
    0.7086115991183036,
    0.6130212693334484,
    0.5377106370685769,
    0.47975188729574353,
    0.4238207894835255,
    0.391222311545619,
    0.36678773697188716,
    0.36485376425212523
  ],
  "val_losses": [
    5.969652956182307,
    3.58857477794994,
    3.7709926691922275,
    3.8593013286590576,
    3.290121078491211,
    2.6684698191556064,
    2.331116567958485,
    2.08435536514629,
    1.8817060427232222,
    1.8053185723044656,
    1.75003859129819,
    1.707174225287004,
    1.674792766571045,
    1.689109813083302,
    1.6922646869312634,
    1.7004627531225032,
    1.7143709551204334,
    1.7267350175163962
  ],
  "val_wers": [
    1.0,
    1.0,
    1.0,
    1.0,
    0.9990884229717412,
    0.9992707383773929,
    0.9892433910665451,
    0.9615314494074749,
    0.9361896080218779,
    0.9223336371923427,
    0.9137648131267092,
    0.904102096627165,
    0.899179580674567,
    0.9002734731084777,
    0.8968094804010939,
    0.8995442114858706,
    0.9031905195989061,
    0.9082953509571559
  ],
  "best_val_wer": 0.8968094804010939,
  "epoch": 18,
  "config_path": "configs/config.yaml"
}